{
  "TranslationProperties": {
    "Name": "Macerator",
    "Description": "An ore macerator that crushes ore and returns 2 ore dust piles for every 1 processed raw ore.  Dust can be smelted in a furnace to produce 1 ingot per dust pile.  Requires fuel."
  },
  "Icon": "Icons/ItemsGenerated/kodi_macerator_icon.png",
  "MaxStack": 1,
  "PlayerAnimationsId": "Block",
  "Categories": [
    "Furniture.Benches"
  ],
  "BlockType": {
    "State": {
      "Id": "processingBench",
      "Definitions": {
        "Processing": {
          "Looping": true,
          "Light": {
            "Color": "#B72"
          },
          "CustomModelTexture": [
            {
              "Texture": "Blocks/kodi_macerator/macerator_texture_processing.png",
              "Weight": 1
            }
          ],
          "Particles": [
            {
              "SystemId": "Fire_Furnace_On",
              "TargetNodeName": "Fire",
              "Scale": 0.7,
              "PositionOffset": {
                "X": 0,
                "Z": 0.3
              }
            }
          ],
          "AmbientSoundEventId": "kodi_macerator_sfx_running",
          "CustomModelAnimation": "Blocks/kodi_macerator/processing.blockyanim"
        },
        "ProcessCompleted": {
          "Light": {
            "Color": "#B72"
          },
          "CustomModelTexture": [
            {
              "Texture": "Blocks/kodi_macerator/macerator_texture.png",
              "Weight": 1
            }
          ],
          "AmbientSoundEventId": "kodi_macerator_sfx_running",
          "Looping": true,
          "CustomModelAnimation": "Blocks/kodi_macerator/processing.blockyanim"
        }
      }
    },
    "Bench": {
      "Type": "Processing",
      "AllowNoInputProcessing": false,
      "Input": [
        {
          "FilterValidIngredients": true
        }
      ],
      "Fuel": [
        {
          "ResourceTypeId": "Fuel",
          "Icon": "Icons/Processing/FuelSlotIcon.png"
        }
      ],
      "LocalOpenSoundEventId": "SFX_Furnace_Bench_Open",
      "LocalCloseSoundEventId": "SFX_Furnace_Bench_Close",
      "CompletedSoundEventId": "SFX_Furnace_Bench_Processing_Complete",
      "EndSoundEventId": "SFX_Furnace_Bench_Processing_End",
      "FailedSoundEventId": "SFX_Furnace_Bench_Processing_Failed",
      "BenchUpgradeSoundEventId": "SFX_Workbench_Upgrade_Start_Default",
      "BenchUpgradeCompletedSoundEventId": "SFX_Workbench_Upgrade_Complete_Default",
      "OutputSlotsCount": 4,
      "Id": "kodi_macerator",
      "TierLevels": [
        {
          "CraftingTimeReductionModifier": 0.0
        }
      ],
      "DescriptiveLabel": "Uses fuel or energy to pulverize ores and optimize extraction.  Converts 1 ore into 2."
    },
    "Gathering": {
      "Breaking": {
        "GatherType": "Benches",
        "ItemId": "kodi_macerator"
      }
    },
    "BlockSoundSetId": "Metal",
    "CustomModel": "Blocks/kodi_macerator/kodi_macerator.blockymodel",
    "CustomModelTexture": [
      {
        "Texture": "Blocks/kodi_macerator/macerator_texture.png",
        "Weight": 1
      }
    ],
    "DrawType": "Model",
    "Flags": {
      "IsUsable": false
    },
    "Material": "Solid",
    "Opacity": "Transparent",
    "ParticleColor": "#4b4b4b",
    "BlockParticleSetId": "Metal",
    "Supporting": {
      "Up": [
        {
          "FaceType": "Full"
        }
      ]
    },
    "Support": {
      "Down": [
        {
          "FaceType": "Full"
        }
      ]
    },
    "VariantRotation": "NESW",
    "Interactions": {
      "Use": "Open_Processing_Bench"
    },
    "AllowsMultipleUsers": true,
    "RotationYawPlacementOffset": "Ninety"
  },
  "Tags": {
    "Type": [
      "Bench"
    ]
  },
  "Recipe": {
    "Input": [
      {
        "ItemId": "Ingredient_Bar_Iron",
        "Quantity": 20
      },
      {
        "ItemId": "Ingredient_Bar_Copper",
        "Quantity": 10
      }
    ],
    "BenchRequirement": [
      {
        "Id": "Workbench",
        "Type": "Crafting",
        "Categories": [
          "Workbench_Crafting"
        ]
      }
    ],
    "Output": [
      {
        "ItemId": "kodi_macerator",
        "Metadata": {
          "BlockState": {
            "Type": "processingBench",
            "FuelContainer": {
              "Capacity": 2
            }
          }
        }
      }
    ]
  }
}
